Team,Age,W,L,PW,PL,MOV,SOS,SRS,ORtg,DRtg,NRtg,Pace,FTr,3PAr,TS%,yearEnd
Boston Celtics*,26.1,51,31,59,23,7.28,-0.26,7.02,114.4,106.9,7.5,96.6,0.239,0.425,0.578,2022
Phoenix Suns*,27.5,64,18,59,23,7.5,-0.56,6.94,114.8,107.3,7.5,99.8,0.221,0.354,0.581,2022
Utah Jazz*,29.3,49,33,56,26,6.04,-0.37,5.67,116.7,110.5,6.2,97.1,0.271,0.468,0.589,2022
Memphis Grizzlies*,24,56,26,55,27,5.68,-0.32,5.37,114.6,109,5.6,100.3,0.245,0.346,0.553,2022
Golden State Warriors*,27.6,53,29,55,27,5.54,-0.02,5.52,112.5,106.9,5.6,98.4,0.235,0.456,0.582,2022
Miami Heat*,28.2,53,29,53,29,4.45,-0.22,4.23,113.7,109.1,4.6,95.9,0.252,0.422,0.584,2022
Dallas Mavericks*,26.7,52,30,50,32,3.3,-0.18,3.12,112.8,109.4,3.4,95.4,0.249,0.439,0.572,2022
Milwaukee Bucks*,28.5,51,31,49,33,3.35,-0.14,3.22,115.1,111.8,3.3,99.9,0.257,0.43,0.58,2022
Philadelphia 76ers*,26.8,51,31,48,34,2.61,-0.04,2.57,113.5,110.8,2.7,96.2,0.282,0.376,0.578,2022
Minnesota Timberwolves*,24.2,46,36,48,34,2.63,-0.1,2.53,114.3,111.7,2.6,100.9,0.254,0.454,0.573,2022
Denver Nuggets*,27.7,48,34,47,35,2.3,-0.15,2.16,114.5,112.1,2.4,97.8,0.244,0.416,0.59,2022
Toronto Raptors*,24.8,48,34,47,35,2.29,0.08,2.38,112.9,110.5,2.4,96,0.234,0.375,0.543,2022
Cleveland Cavaliers,24.7,44,38,47,35,2.12,-0.08,2.04,111.9,109.7,2.2,96.1,0.261,0.387,0.571,2022
Atlanta Hawks*,26.1,43,39,45,37,1.56,-0.01,1.55,116.5,114.9,1.6,97.7,0.253,0.39,0.581,2022
Brooklyn Nets*,29.1,44,38,43,39,0.78,0.04,0.82,113.6,112.8,0.8,99,0.246,0.359,0.576,2022
Charlotte Hornets,25.5,43,39,42,40,0.44,0.09,0.53,114.1,113.7,0.4,100,0.234,0.418,0.572,2022
San Antonio Spurs,24.5,34,48,41,41,0.12,-0.1,0.02,112.4,112.3,0.1,100,0.22,0.345,0.556,2022
Los Angeles Clippers,27.5,42,40,41,41,0.02,0.06,0.09,110.1,110.1,0,98,0.224,0.391,0.564,2022
New York Knicks,26,37,45,41,41,-0.12,0.11,-0.01,110.4,110.5,-0.1,95.9,0.28,0.428,0.55,2022
Chicago Bulls*,26.3,46,36,40,42,-0.39,0.02,-0.38,113.2,113.6,-0.4,98.3,0.248,0.332,0.579,2022
New Orleans Pelicans*,25.6,36,46,38,44,-0.99,0.15,-0.84,112,113,-1,97.2,0.264,0.365,0.557,2022
Los Angeles Lakers,30.2,33,49,33,49,-3.05,-0.03,-3.08,110.3,113.3,-3,100.1,0.259,0.388,0.567,2022
Washington Wizards,25.9,35,47,32,50,-3.38,0.15,-3.23,111.1,114.5,-3.4,97,0.252,0.356,0.568,2022
Indiana Pacers,26,25,57,32,50,-3.48,0.22,-3.26,112.6,116.1,-3.5,98,0.239,0.395,0.564,2022
Sacramento Kings,25.8,30,52,28,54,-5.46,0.2,-5.26,109.9,115.3,-5.4,99.8,0.264,0.377,0.561,2022
Detroit Pistons,23.6,23,59,22,60,-7.72,0.37,-7.36,106,113.8,-7.8,98.4,0.249,0.391,0.533,2022
Orlando Magic,23.3,22,60,21,61,-8,0.33,-7.67,104.5,112.5,-8,99.2,0.223,0.417,0.538,2022
Oklahoma City Thunder,22.4,24,58,21,61,-8.1,0.2,-7.9,104.6,112.8,-8.2,98.5,0.223,0.419,0.53,2022
Houston Rockets,24.1,20,62,21,61,-8.48,0.22,-8.26,108.4,116.7,-8.3,100.9,0.284,0.448,0.565,2022
Portland Trail Blazers,25.6,27,55,20,62,-8.88,0.33,-8.55,107.8,116.9,-9.1,98.3,0.248,0.422,0.55,2022
,,,,,,,,,,,,,,,,
,,,,,,,,,,,,,,,,
